Municipio,Departamento
Leticia,Amazonas
Puerto Nariño,Amazonas
Abejorral,Antioquia
Abriaqui,Antioquia
Alejandría,Antioquia
Amaga,Antioquia
Amalfi,Antioquia
Andes,Antioquia
Angelopolis,Antioquia
Angostura,Antioquia
Anori,Antioquia
Anza,Antioquia
Apartado,Antioquia
Arboletes,Antioquia
Argelia,Antioquia
Armenia,Antioquia
Bagre,Antioquia
Barbosa,Antioquia
Bello,Antioquia
Belmira,Antioquia
Betania,Antioquia
Betulia,Antioquia
Bolívar,Antioquia
Briceño,Antioquia
Buritica,Antioquia
Caceres,Antioquia
Caldas,Antioquia
Campamento,Antioquia
Cañasgordas,Antioquia
Caracoli,Antioquia
Caramanta,Antioquia
Carepa,Antioquia
Carmen de Viboral,Antioquia
Carolina,Antioquia
Chigorodo,Antioquia
Cisneros,Antioquia
Ciudad Bolívar,Antioquia
Cocorna,Antioquia
Concepción,Antioquia
Concordia,Antioquia
Copacabana,Antioquia
Dabeiba,Antioquia
Ebejico,Antioquia
Entrerrios,Antioquia
Envigado,Antioquia
Fredonia,Antioquia
Frontino,Antioquia
Giradota,Antioquia
Giraldo,Antioquia
Gómez Plata,Antioquia
Granada,Antioquia
Guadalupe,Antioquia
Guarne,Antioquia
Guatape,Antioquia
Heliconia,Antioquia
Hispania,Antioquia
Itagui ,Antioquia
Ituango,Antioquia
Jerico,Antioquia
La Ceja,Antioquia
La Estrella,Antioquia
Liborina,Antioquia
Marinilla,Antioquia
Matías,Antioquia
Medellín,Antioquia
Montebello,Antioquia
Murindo,Antioquia
Mutata,Antioquia
Nare,Antioquia
Nariño,Antioquia
Nechi,Antioquia
Necocli,Antioquia
Olaya,Antioquia
Peñol,Antioquia
Peque,Antioquia
Puerto Berrio,Antioquia
Puerto Triunfo,Antioquia
Remedios,Antioquia
Retiro,Antioquia
Río Negro,Antioquia
Sabanalarga,Antioquia
Sabaneta,Antioquia
Salgar,Antioquia
San Andrés,Antioquia
San Carlos,Antioquia
San Francisco,Antioquia
San Jeronimo,Antioquia
San José de la Montaña,Antioquia
San Juan de Uraba,Antioquia
San Luis,Antioquia
San Pedro,Antioquia
San Pedro U,Antioquia
San Rafael,Antioquia
San Roque,Antioquia
San Vicente,Antioquia
Santa Barbara,Antioquia
Santa Fe de Antioquia,Antioquia
Santa Rosa de Osos,Antioquia
Santo Domingo,Antioquia
Santuario,Antioquia
Segovia,Antioquia
Sopetran,Antioquia
Tamesis,Antioquia
Taraza,Antioquia
Tarso,Antioquia
Titiriti,Antioquia
Toledo,Antioquia
Turbo,Antioquia
Uramita,Antioquia
Urrao,Antioquia
Valparaiso,Antioquia
Viboral,Antioquia
Vijia del Fuerte,Antioquia
Yali,Antioquia
Yarumbal,Antioquia
Yolombo,Antioquia
Yondo,Antioquia
Zaragoza,Antioquia
Arauca,Arauca
Arauquita,Arauca
Cravo Norte,Arauca
Fortul,Arauca
Puerto Rondon,Arauca
Saravena,Arauca
Tame,Arauca
Baranoa,Atlántico
Barranquilla,Atlántico
Campo de la Cruz,Atlántico
Candelaria,Atlántico
Galapa,Atlántico
Juan de Acosta,Atlántico
Luruaco,Atlántico
Malambo,Atlántico
Manati,Atlántico
Morales,Atlántico
Palmas de Varela,Atlántico
Piojo,Atlántico
Polo Nuevo,Atlántico
Ponedera,Atlántico
Puerto Colombia,Atlántico
Repelón,Atlántico
Río Viejo,Atlántico
Sabanagrande,Atlántico
Sabanalarga,Atlántico
Santa Lucía,Atlántico
Santo Tomás,Atlántico
Soledad,Atlántico
Suan,Atlántico
Tubara,Atlántico
Usiacuri,Atlántico
Achí,Bolívar
Arjona,Bolívar
Calamar,Bolívar
Córdoba,Bolívar
El Carmen de Bolívar,Bolívar
El Guamo,Bolívar
Margarita,Bolívar
María la Baja,Bolívar
Morales,Bolívar
Pinillos,Bolívar
San Fernando,Bolívar
San Jacinto,Bolívar
San Juan Nepomuceno,Bolívar
San Martín de Loba,Bolívar
San Pablo,Bolívar
Santa Catalina,Bolívar
Santa Rosa,Bolívar
Simiti,Bolívar
Soplaviento,Bolívar
Turbaco,Bolívar
Turbana,Bolívar
Zambrano,Bolívar
Almedia,Boyacá
Aquitania,Boyacá
Arcabuco,Boyacá
Belén,Boyacá
Berbeo,Boyacá
Beteitiva,Boyacá
Boavita,Boyacá
Boyacá,Boyacá
Briceño,Boyacá
Buenavista,Boyacá
Busbanza,Boyacá
Caldas,Boyacá
Cameza,Boyacá
Caragoa,Boyacá
Cerinza,Boyacá
Chinavita,Boyacá
Chiquinquira,Boyacá
Chiquiza,Boyacá
Chiscas,Boyacá
Chita,Boyacá
Chitaraque,Boyacá
Chivata,Boyacá
Cienaga,Boyacá
Combita,Boyacá
Coper,Boyacá
Corrales,Boyacá
Covarachia,Boyacá
Cubara,Boyacá
Cucaita,Boyacá
Cuitiva,Boyacá
Duitama,Boyacá
El Cocuy,Boyacá
El Espino,Boyacá
Firavitoba,Boyacá
Floresta,Boyacá
Gachantiva,Boyacá
Guacamayas,Boyacá
Guateque,Boyacá
Guayata,Boyacá
Guican,Boyacá
Jenesano,Boyacá
Jerico,Boyacá
La Capilla,Boyacá
La Uvita,Boyacá
La Victoria,Boyacá
Labranzagano,Boyacá
Macanal,Boyacá
Maripi,Boyacá
Miraflorez,Boyacá
Mongua,Boyacá
Mongui,Boyacá
Moniquira,Boyacá
Motavita,Boyacá
Muzo,Boyacá
Nobsa,Boyacá
Nuevo Colón,Boyacá
Oicata,Boyacá
Otanche,Boyacá
Pachavita,Boyacá
Paez,Boyacá
Paipa,Boyacá
Pajarito,Boyacá
Panqueva,Boyacá
Pauna,Boyacá
Paya,Boyacá
Paz del Río,Boyacá
Pesca,Boyacá
Puerto Boyacá,Boyacá
Quipama,Boyacá
Ramiriqui,Boyacá
Raquira,Boyacá
Rondón,Boyacá
Saboya,Boyacá
Sachica,Boyacá
Samaca,Boyacá
San Eduardo,Boyacá
San José de Pare,Boyacá
San Luís de Gaceno,Boyacá
San Mateo,Boyacá
San Miguel de Sema,Boyacá
San Pablo de Borbur,Boyacá
Santa María,Boyacá
Santa Rosa de Viterbo,Boyacá
Santa Sofía,Boyacá
Santana,Boyacá
Sativanorte,Boyacá
Sativasur,Boyacá
Siachoque,Boyacá
Soata,Boyacá
Sobaca,Boyacá
Socha,Boyacá
Socota,Boyacá
Sogamoso,Boyacá
Somondoco,Boyacá
Sora,Boyacá
Sotaquira,Boyacá
Susacon,Boyacá
Sutamarchan,Boyacá
Sutatenza,Boyacá
Tasco,Boyacá
Tenza,Boyacá
Tibana,Boyacá
Tibasosa,Boyacá
Tinjaca,Boyacá
Toca,Boyacá
Togui,Boyacá
Topaga,Boyacá
Tota,Boyacá
Tunungua,Boyacá
Turmeque,Boyacá
Tuta,Boyacá
Tutaza,Boyacá
Umbita,Boyacá
Ventaquemada,Boyacá
Villa de Leyva,Boyacá
Viracacha,Boyacá
Aguaduas,Caldas
Anserma,Caldas
Aranzazu,Caldas
Belalcazar,Caldas
Chinchina,Caldas
Filadelfia,Caldas
La Dorada,Caldas
La Merced,Caldas
Manizalez,Caldas
Marmato,Caldas
Marquetalia,Caldas
Marulanda,Caldas
Neira,Caldas
Pacora,Caldas
Palestina,Caldas
Pensilvania,Caldas
Riosucio,Caldas
Risaralda,Caldas
Salamina,Caldas
Samana,Caldas
Supia,Caldas
Victoria,Caldas
Villamaria,Caldas
Viterbo,Caldas
Albania,Caqueta
Belén de los Andaquíes,Caqueta
Cartagena del Chaira,Caqueta
Curillo,Caqueta
El Doncello,Caqueta
Florencia,Caqueta
La Montañita,Caqueta
Milán,Caqueta
Morelia,Caqueta
Paujul,Caqueta
Puerto Rico,Caqueta
San José,Caqueta
San Vicente del Caguán,Caqueta
Solano,Caqueta
Valparaiso,Caqueta
Aguazul,Casanare
Chamenza,Casanare
La Salina,Casanare
Mani,Casanare
Monterrey,Casanare
Nunchia,Casanare
Orocue,Casanare
Paz de Aiporo,Casanare
Pore,Casanare
Recetor,Casanare
Sabanalarga,Casanare
San Luís de Palenque,Casanare
Tamara,Casanare
Tauramena,Casanare
Trinidad,Casanare
Yopal,Casanare
Almaguer,Cauca
Argelia,Cauca
Balboa,Cauca
Bolívar,Cauca
Buenos Aires,Cauca
Cajibío,Cauca
Caldono,Cauca
Caloto,Cauca
Corinto,Cauca
El Tambo,Cauca
Guapi,Cauca
Jambalo,Cauca
La Sierra,Cauca
La Vega,Cauca
Mercaderes,Cauca
Miranda,Cauca
Morales,Cauca
Padilla,Cauca
Paez,Cauca
Patia,Cauca
Piendamo,Cauca
Popayán,Cauca
Puerto Tejada,Cauca
Purace,Cauca
Rosas,Cauca
San Sebastián,Cauca
Santa Rosa,Cauca
Santander de Quilichao,Cauca
Silvia,Cauca
Sotara,Cauca
Suárez,Cauca
Timbio,Cauca
Timbiquí,Cauca
Toribio,Cauca
Totoro,Cauca
Aguachica,Cesar
Asteca,Cesar
Becerril,Cesar
Bosconia,Cesar
Chimichagua,Cesar
Chiriguana,Cesar
Curumani,Cesar
El Copey,Cesar
El Paso,Cesar
Gamarra,Cesar
González,Cesar
Jagua de Iribico,Cesar
La Gloria,Cesar
La Paz,Cesar
Manaure,Cesar
Pailitas,Cesar
Pelaya,Cesar
Río de Oro,Cesar
San Alberto,Cesar
San Diego,Cesar
San Martín,Cesar
Tamalameque,Cesar
Valledupar,Cesar
Acandí,Chocó
Altobaudo,Chocó
Bagado,Chocó
Bahía Solano,Chocó
Bajo Baudo,Chocó
Bojaya,Chocó
Condoto,Chocó
El Carmen,Chocó
Iloro,Chocó
Itsmina,Chocó
Novita,Chocó
Nuqui,Chocó
Quibdó,Chocó
Riosucio,Chocó
Sipi,Chocó
Tado,Chocó
Unguía,Chocó
Ayapel,Córdoba
Buenavista,Córdoba
Canalete,Córdoba
Cerete,Córdoba
Chima,Córdoba
Chinu,Córdoba
Cienaga de Oro,Córdoba
Lorica,Córdoba
Monitos,Córdoba
Montelibano,Córdoba
Monteria,Córdoba
Planeta Rica,Córdoba
Puerto Libertador,Córdoba
Puerto Nuevo,Córdoba
Purisima,Córdoba
Sahagun,Córdoba
San Andrés de Sotavento,Córdoba
San Bernardo,Córdoba
San Carlos,Córdoba
San Pelayo,Córdoba
Tierralta,Córdoba
Valencia,Córdoba
Agua de Dios,Cundinamarca
Albán,Cundinamarca
Anapoima,Cundinamarca
Anolaima,Cundinamarca
Apulo,Cundinamarca
Arbelaez,Cundinamarca
Beltrán,Cundinamarca
Biutima,Cundinamarca
Cabrera,Cundinamarca
Cachipai,Cundinamarca
Cajica,Cundinamarca
Caparrapi,Cundinamarca
Caqueza,Cundinamarca
Chaguani,Cundinamarca
Chía,Cundinamarca
Chipaque,Cundinamarca
Choachi,Cundinamarca
Choconta,Cundinamarca
Cogua,Cundinamarca
Facativa,Cundinamarca
Fomeque,Cundinamarca
Fosca,Cundinamarca
Funza,Cundinamarca
Fusagasuga,Cundinamarca
Gachala,Cundinamarca
Gachancipa,Cundinamarca
Gacheta,Cundinamarca
Girardot,Cundinamarca
Guacheta,Cundinamarca
Guaduas,Cundinamarca
Guasca,Cundinamarca
Guatavita,Cundinamarca
Guayabal de Siquima,Cundinamarca
Guayabetal,Cundinamarca
Gutiérrez,Cundinamarca
Junín,Cundinamarca
Jurado,Cundinamarca
La Calera,Cundinamarca
La Mesa,Cundinamarca
La Palma,Cundinamarca
La Vega,Cundinamarca
Macheta,Cundinamarca
Madrid,Cundinamarca
Manta,Cundinamarca
Medina,Cundinamarca
Mosquera,Cundinamarca
Nariño,Cundinamarca
Nemocón,Cundinamarca
Nilo,Cundinamarca
Nimaima,Cundinamarca
Nocaima,Cundinamarca
Paime,Cundinamarca
Pandi,Cundinamarca
Paratebueno,Cundinamarca
Pasca,Cundinamarca
Puerto Salgar,Cundinamarca
Quebrada Negra,Cundinamarca
Quetame,Cundinamarca
Quilipe,Cundinamarca
Ricaurte,Cundinamarca
San A,Cundinamarca
San Cayetano,Cundinamarca
San Francisco,Cundinamarca
San Juan de Río Seco,Cundinamarca
Sasaima,Cundinamarca
Sesquile,Cundinamarca
Sibate,Cundinamarca
Silvania,Cundinamarca
Simijaca,Cundinamarca
Soacha,Cundinamarca
Sopo,Cundinamarca
Subachoque,Cundinamarca
Suesca,Cundinamarca
Supata,Cundinamarca
Susa,Cundinamarca
Tabio,Cundinamarca
Tausa,Cundinamarca
Tena,Cundinamarca
Tenjo,Cundinamarca
Tibacuy,Cundinamarca
Tiribita,Cundinamarca
Tocaima,Cundinamarca
Tocancipa,Cundinamarca
Topaipi,Cundinamarca
Ubala,Cundinamarca
Ubaque ,Cundinamarca
Ubaté,Cundinamarca
Une,Cundinamarca
Utica,Cundinamarca
Venecia,Cundinamarca
Vergara,Cundinamarca
Villa Gómez,Cundinamarca
Villapinzón,Cundinamarca
Villeta,Cundinamarca
Yacopi,Cundinamarca
Zipacón,Cundinamarca
Zipaquira,Cundinamarca
Inirida,Guainia
(Varios),Guaviare
San José del Guaviare,Guaviare
Acevedo,Huila
Agrado,Huila
Aipe,Huila
Algeciras,Huila
Altamira,Huila
Baraya,Huila
Campoalgre,Huila
Colombia,Huila
Ellas,Huila
Garzón ,Huila
Gigante,Huila
Guadalupe,Huila
Hobo,Huila
Iquira,Huila
Isnos,Huila
La Argentina,Huila
La Plata,Huila
Nagata,Huila
Neiva,Huila
Oporapa,Huila
Paicol,Huila
Palermo,Huila
Palestina,Huila
Pital,Huila
Pitalito,Huila
Rivera,Huila
Saladoblanco,Huila
San Agustín,Huila
Santa María,Huila
Sueza,Huila
Tarqui,Huila
Tello,Huila
Teruel,Huila
Tesalia,Huila
Timana,Huila
Villavieja,Huila
Yaguara,Huila
Barrancas,La Guajira
El Molino,La Guajira
Fonseca,La Guajira
Maicao,La Guajira
Manaure,La Guajira
Rioacha,La Guajira
San Francisco de Asis ,La Guajira
San Juan del Cesar,La Guajira
Uribia,La Guajira
Urumita,La Guajira
Villanueva,La Guajira
Aracataca,Magdalena
Ariguini,Magdalena
Chivolo,Magdalena
Cienaga,Magdalena
El Banco,Magdalena
El Piñón,Magdalena
Fundación,Magdalena
Guamal,Magdalena
Magdalena,Magdalena
Pedraza,Magdalena
Pivijay,Magdalena
Plato,Magdalena
Pueblo Viejo,Magdalena
Remolino,Magdalena
Salamina,Magdalena
San Sebastián,Magdalena
San Zenon,Magdalena
Santa Ana,Magdalena
Santa Marta,Magdalena
Sitionuevo,Magdalena
Tenerife,Magdalena
Acacias,Meta
Castilla la Nueva,Meta
Cubarral,Meta
Cubuyaro,Meta
Cumaral,Meta
El Castillo,Meta
Fuente de Oro,Meta
Granada,Meta
Guamal,Meta
La Macarena,Meta
Mapiripan,Meta
Mesetas,Meta
Puerto Concordia,Meta
Puerto Gaitan,Meta
Puerto Lleras,Meta
Puerto López,Meta
Puerto Rico,Meta
Restrepo,Meta
San Carlos de Guaroa,Meta
San Juan,Meta
San Juan de Arama,Meta
Villavicencio,Meta
Vistahermosa,Meta
(Varios),Nariño
Albán,Nariño
Arboledas,Nariño
Barbacoas,Nariño
Belén,Nariño
Buesaco,Nariño
Colón,Nariño
Consaca,Nariño
Cuaspud,Nariño
Cumbal,Nariño
Cumbitara,Nariño
El Rosario,Nariño
El Tablón de Gómez,Nariño
El Tambo,Nariño
Francisco Pizarro,Nariño
Guachucal,Nariño
Guachucal,Nariño
Gualmatan,Nariño
Guatarilla,Nariño
Iles,Nariño
Imuez,Nariño
Ipiales,Nariño
La Cruz,Nariño
La Florida,Nariño
La Unión,Nariño
Leyua,Nariño
Linares,Nariño
Los Andes,Nariño
Magui Payán,Nariño
Mallama,Nariño
Nariño,Nariño
Pasto,Nariño
Policarpa,Nariño
Puerres,Nariño
Pupiales,Nariño
Ricaurte,Nariño
Samaniego,Nariño
San Lorenzo,Nariño
San Pablo,Nariño
Sandona,Nariño
Santa Cruz,Nariño
Sapuyes,Nariño
Taminango,Nariño
Tangua,Nariño
Tumaco,Nariño
Tuquerres,Nariño
Yacunquer,Nariño
(Varios),Norte de Santander
Abrego,Norte de Santander
Arboletes,Norte de Santander
Bochalema,Norte de Santander
Bucarasica,Norte de Santander
Cachira,Norte de Santander
Cacota,Norte de Santander
Chinacota,Norte de Santander
Chitaga,Norte de Santander
Convención,Norte de Santander
Cúcuta,Norte de Santander
Cucutilla,Norte de Santander
Durania,Norte de Santander
El Carmen,Norte de Santander
El Zulia,Norte de Santander
Gramalote,Norte de Santander
Hacarí,Norte de Santander
Herrán,Norte de Santander
La Playa,Norte de Santander
Labateca,Norte de Santander
Los Patios,Norte de Santander
Lourdes,Norte de Santander
Norte de Teorama,Norte de Santander
Ocaña,Norte de Santander
Pamplona,Norte de Santander
Pamplonita,Norte de Santander
Ragonvalia,Norte de Santander
Salazar,Norte de Santander
San Calixto,Norte de Santander
San Cayetano,Norte de Santander
Santiago,Norte de Santander
Sardinata,Norte de Santander
Silos,Norte de Santander
Tibú,Norte de Santander
Toledo,Norte de Santander
Villa Caro,Norte de Santander
Villa del Rosario,Norte de Santander
Colón,Putumayo
Mocoa,Putumayo
Orito,Putumayo
Puerto Asis,Putumayo
Puerto Leguizamo,Putumayo
San Francisco,Putumayo
Santiago,Putumayo
Sibundoy,Putumayo
Valle del Guamuez,Putumayo
Villa Garzón,Putumayo
Armenia,Quindío
Buenavista,Quindío
Calarca,Quindío
Circasia,Quindío
Córdoba,Quindío
Filandia,Quindío
Genova,Quindío
La Tebaida,Quindío
Montenegro,Quindío
Pijao,Quindío
Quimbaya,Quindío
Salento,Quindío
(Varios),Risaralda
Apia,Risaralda
Balboa,Risaralda
Belén de Umbría,Risaralda
Dosquebradas,Risaralda
La Celia,Risaralda
La Celia,Risaralda
La Virginia,Risaralda
Marsella,Risaralda
Mistrato,Risaralda
Pereira,Risaralda
Pueblo Rico,Risaralda
Quichia,Risaralda
Santa Rosa de Cabal,Risaralda
Santuario,Risaralda
San Andrés,San Andrés
Aguada,Santander
Albania,Santander
Aratoca,Santander
Barbosa,Santander
Barichara,Santander
Barrancabermeja,Santander
Betulia,Santander
Bolívar,Santander
Bucaramanga,Santander
Cabrera,Santander
California,Santander
Capitanejo,Santander
Carcasi,Santander
Carta,Santander
Cepita,Santander
Cerrito,Santander
Charala,Santander
Chima,Santander
Chipata,Santander
Cimitarra,Santander
Concepción,Santander
Confines,Santander
Contratación,Santander
Coromoro,Santander
Corregimiento La Granja,Santander
Corregimiento Sabanagrande,Santander
Curiti,Santander
El Carmen de Chucuri,Santander
El Espino,Santander
El Guacamayo,Santander
El Playón,Santander
Encino,Santander
Enciso,Santander
Florian,Santander
Floridablanca,Santander
Galán,Santander
Gambita,Santander
Girón,Santander
Guaca,Santander
Guadalupe,Santander
Guapota,Santander
Guavata,Santander
Guespa,Santander
Hato,Santander
Jesús María,Santander
Jordan Sube,Santander
La Paz,Santander
Landazuri,Santander
Le Belleza,Santander
Lebrija,Santander
Los Santos,Santander
Malaga,Santander
Matanza,Santander
Mogotes,Santander
Molagavita,Santander
Ocamonte,Santander
Oiba,Santander
Onzaga,Santander
Palmar,Santander
Palmas de Socorro,Santander
Paramo,Santander
Piedecuesta,Santander
Pinchote,Santander
Puente Nacional,Santander
Puerto Parra,Santander
Puerto Wilches,Santander
Rionegro,Santander
Sabana de Torres,Santander
San Andrés,Santander
San Benito,Santander
San Gil,Santander
San Joaquín,Santander
San Juan de Miranda,Santander
San Miguel,Santander
San Vicente,Santander
Santa Barbara,Santander
Santa Helena,Santander
Simacota,Santander
Socorro,Santander
Suaita,Santander
Sucre,Santander
Surata,Santander
Tona,Santander
Valle de San José,Santander
Vélez,Santander
Vetas,Santander
Vijes,Santander
Villanueva,Santander
Zapatoca,Santander
(Varios),Sucre
Caimito,Sucre
Chalan,Sucre
Coloso,Sucre
Corozal,Sucre
Galeras,Sucre
Guaranda,Sucre
La Unión,Sucre
Las Palmitas,Sucre
Majagual,Sucre
Morroa,Sucre
Ovejas,Sucre
Palmito,Sucre
Sampues,Sucre
San Benito Abad,Sucre
San Juan de Betulia,Sucre
San Marcos,Sucre
San Onofre,Sucre
San Pedro,Sucre
Since,Sucre
Sincelejo,Sucre
Sucre,Sucre
Tolú,Sucre
Toluviejo,Sucre
Alpujarra,Tolima
Alvarado,Tolima
Ambalema,Tolima
Anzoategui,Tolima
Armero Guayabal,Tolima
Ataco,Tolima
Cajamarca,Tolima
Carmen de Apicala,Tolima
Casablanca,Tolima
Chaparral,Tolima
Coello,Tolima
Coyaima,Tolima
Cunday,Tolima
Dolores,Tolima
Espinal,Tolima
Falan,Tolima
Flandes,Tolima
Fresno,Tolima
Guamo,Tolima
Herveo,Tolima
Honda,Tolima
Ibague,Tolima
Icononzo,Tolima
Lerida,Tolima
Libano,Tolima
Mariquita,Tolima
Melgar,Tolima
Murillo,Tolima
Natagaima,Tolima
Ortega,Tolima
Piedras,Tolima
Planadas,Tolima
Prado,Tolima
Purificación,Tolima
Rioblanco,Tolima
Roncesvalles,Tolima
Rovira,Tolima
Saldaña,Tolima
San Antonio,Tolima
San Luís,Tolima
Santa Isabel,Tolima
Suárez,Tolima
Venadillo,Tolima
Villa San Juan,Tolima
Villahermosa,Tolima
Villarica,Tolima
Alcala,Valle del Cauca
Andalucia,Valle del Cauca
Ansermanuevo,Valle del Cauca
Argelia,Valle del Cauca
Bolívar,Valle del Cauca
Buenaventura,Valle del Cauca
Buga,Valle del Cauca
Buga la Grande,Valle del Cauca
Caicedonia,Valle del Cauca
Cali,Valle del Cauca
Calima,Valle del Cauca
Candelaria,Valle del Cauca
Cartago,Valle del Cauca
Dagua,Valle del Cauca
El Aguila,Valle del Cauca
El Cairo,Valle del Cauca
El Cerrito,Valle del Cauca
El Dovio,Valle del Cauca
Florida,Valle del Cauca
Ginebra,Valle del Cauca
Guacarí,Valle del Cauca
Jamundí,Valle del Cauca
La Cumbre,Valle del Cauca
La Unión,Valle del Cauca
La Victoria,Valle del Cauca
Ovando,Valle del Cauca
Palmira,Valle del Cauca
Pradera,Valle del Cauca
Restrepo,Valle del Cauca
Ríofrio,Valle del Cauca
Roldanillo,Valle del Cauca
San Pedro,Valle del Cauca
Sevilla,Valle del Cauca
Toro,Valle del Cauca
Trujillo,Valle del Cauca
Tulua,Valle del Cauca
Versalles,Valle del Cauca
Yotoco,Valle del Cauca
Yumbo,Valle del Cauca
Zarzal,Valle del Cauca
Mitú,Vaupes
La Primavera,Vichada
Providencia,Vichada
Puerto Carreño,Vichada
